noun,relFreq,low,med,high
dalmatian,0.000309774,1.59E-010,0.0000221,0.000309774
dog,0.0000221,,,
animal,1.59E-010,,,
