noun,relFreq
animal,0.00000167
dalmatian,0.00000167
dog,0.00000167
