noun,relFreq,low,med,high
dalmatian,1.59E-010,1.59E-010,0.0000221,0.000309774
dog,0.0000221,1.591E-010,0.00002211,0.0003097741
animal,0.000309774,,,
